title,description
a round-up of the talks from gaconf usa 2023,"gaconf returned to the us this week with a series of accessibility talks hosted at the archer hotel in redmond, washington virtual attendance was available through zoom and youtube talks ranged from those on personal experiences of disability and accessibil…"
american can prevent (and control) type 2 diabetes so why arent we doing it?,"usa today's health team spoke with scores of experts to understand why, despite solutions, more americans continue to struggle with type 2 diabetes"
"the steep cost of type 2: when diabetes dragged her down, she chose to fight",the nation's disjointed and confusing health care system leaves many type 2 diabetes patients to navigate it with little support
a hidden system of exploitation underpins us hospitals employment of foreign nurses,"this series was produced in partnership with the nonprofit newsroom type investigations, with support from the gertrude blumenthal kasbekar fund, the puffin foundation, and the pulitzer centerread more"
"the childcare cliff: $122 billion dollar crisis, but whose problem is it?","the childcare crisis in america; the harsh truth of systemic inequality, peculiar economics and lack of support for a industry at the backbone of the economy"
‘mad men meets medicine - #metoo hits the uks national health service,new report reveals one in three female surgeons in the uk suffer sexual harassment women start to organise - at a women in medicine conference
social security update: how much 2024 payments are expected to increase,"the cost of living adjustment rose by 32 percent for 2024, the social security administration announced on thursday"
economic evaluation of antimicrobial resistance in curable sexually transmitted infections; a systematic review and a case study,objective to provide a summary of the economic and methodological evidence on capturing antimicrobial resistance (amr) associated costs for curable sexually transmitted infections (stis) to explore approaches for incorporating the cost of amr within an econo…
the unknown harvest: organ donation and the definition of death,"with life-and-death issues at stake, christians must be aware of current medical practices to draw biblical boundaries"
"cao group, inc starts a program to bring patients to dental practice at no cost!","salt lake city, oct 2, 2023 /prnewswire/ -- cao group inc (cao) is stirring the pot by launching a new program to bring patients to dental practices at no cost to the practice cao begins a new campaign in the us aimed directly at consumers involving shee…"
mary lou rettons family says she is ‘fighting for her life due to pneumonia,"olympic gymnastics star, mary lou retton, is currently “fighting for her life” at just 55 years old against a rare form of pneumonia according to read more"
how to enroll intelligently in medicare – a consumers guide 2024,"gainesville, fl (special to informed comment)- medicare open enrollment season begins october 15th, running through dec7, 2023 and very soon, everyone will be bombarded with new smarmy health insurance medicare advantage ads featuring healthy and happy-look…"
american council of cannabis medicine and insurance industry leaders prepare for new era first open enrollment period to prominently include medical cannabis,"washington, oct 5, 2023 /prnewswire/ -- the american council of cannabis medicine (accm) announces major insurance industry and member-based group participation, to kick off open enrollment after years of work, accm's next frontier platform, program, and in…"
"ca gov gavin newsom risks political career apparently, signs couple good bills into law",new ‘ebony alert will help save lives
on the presidential trail with nh voters,"in a state where residents once loved to talk presidential politics, its hard to get a full name in voter interviews because of fears of retaliation about their views on donald trump"
g medpar : securities purchase agreement - form 6-k,"(marketscreenercom) list of subsidiaries: g medical innovations holdings ltd, a cayman islands exempted company, and its subsidiaries: g medical innovations ltd, an israeli corporation, g medical innovations usa inc, a delaware corporation, g medical…"
decoding income: $38 an hours annual equivalent,"have you ever wondered how much $38 an hour amounts to in a year? weve got you covered whether youre curious about calculating your annual salary from an hourly wage or simply want to understand the financial implications of earning $38 an hour, this artic…"
chain reaction: 22 devastating things that will happen if israel launches full assault against gaza,"israels full-scale ground assault against gaza has reportedly been delayed so that the us military can position additional anti-missile defense systems around the country, according to the wsj this is confirmation that the us anticipates a strong kineti…"
fictiv launches major usa 3d printing service expansion,"(marketscreenercom) newly expanded capabilities, advanced configuration options, and a significant pricing reduction delivers full-suite additive manufacturing capabilities for prototyping & production in the usa san francisco, oct 17, 2023 /prnewswire/ …"
"10 things you need to know today: october 13, 2023","israel orders civilians to leave northern gaza ahead of ground assault, scalise withdraws his bid to become house speaker, and more"
"pheburane® (sodium phenylbutyrate) coverage to reach ~80% of commercially insured us patients by january 1st, 2024","princeton, nj, oct 26, 2023 (globe newswire) -- medunik usa (member of duchesnay pharmaceutical group, an international company selected in the government of canada's first global hypergrowth project) is pleased to announce that as of january 1st, 2024, ph…"
bench top dental autoclaves market set to soar past usd 196 million by 2030,"the global bench top dental autoclaves market size is expected to reach usd 196 million by 2030 and exhibit a cagr of 54% in the forecast period (2023−2030) according to skyquest's latest research report the growing dental industry demand, increasing focus …"
"racial and socioeconomic equity of tecovirimat treatment during the 2022 mpox emergency, new york, new york, usa","equity of treatment during mpox, new york, usa"
best tasting protein powder (2023): flavors youll crave and quality you can trust,"as a registered dietitian, i am asked almost every day for recommendations on the best type of protein supplement and while im sure to only recommend proteins whose quality and formulation i can stand behind, theres another feature thats also pretty impor…"
how to eradicate global extreme poverty [ra video with fundraiser!],"published on october 18, 2023 3:51 pm gmtcross-posted from the ea forum in this video, we outline a plan to eradicate global extreme poverty using cash transfers the approach is based on givedirectly's internal research and documentation about the topic al…"
livecare's member acquisition surges with in-house program,"venice, fl, usa, oct 20, 2023 (globe newswire) -- livecare, inc (otc:lvce), a pioneering force in the telehealth sector dedicated to supporting type ii diabetes patients often overlooked, proudly announces the success of its innovative in-house patient acqu…"
pneumatic cylinder market set to soar past usd 205775 million by 2030 | skyquest technology,"the global pneumatic cylinder market size is expected to reach usd 205775 million by 2030 and exhibit a cagr of 53% in the forecast period (2023−2030), according to skyquest's latest research report the growing industrial automation and robotics, increasin…"
digital isolator market to hit usd 88290 million by 2030 | research by sns insider,digital isolator market is calculated 180 billion by 2022 - on account of digital transformation and industry 40 coupled with medical technology advancements digital isolator market is calculated 180 billion by 2022 - on account of digital transformation a…
"rapid growth in ultrafiltration membranes market to reach us$ 107 billion expected by 2033, driven by expanding applications in water treatment and beyond | future market insights, inc","the usa ultrafiltration membranes market is set to reach us$ 19 billion with a 109% historical cagr, driven by water quality concerns and stringent regulations the us leads in water treatment infrastructure and advanced separation technology adoption the …"
"specialty pacs market is projected to reach an estimate of $4,48596 million by 2030, claims allied market research","the global specialty pacs market growth is driven by the rise in investments in medical imaging, increasing utilization of imaging equipment, and the rise in the geriatric population the global specialty pacs market growth is driven by the rise in investment…"
the macroeconomic burden of noncommunicable diseases and mental health conditions in south america,"noncommunicable diseases and mental health conditions (referred to collectively as nmhs) are the greatest cause of preventable death, illness, and disability in south america and negatively affect countries economic performance through their detrimental impa…"
global mobile imaging services market research report 2023: market to reach $27 billion by 2030 - artificial intelligence at the forefront in new portable ultrasound systems,"dublin, oct 17, 2023 (globe newswire) -- the ""mobile imaging services - global strategic business report"" report has been added to researchandmarketscom's offeringglobal mobile imaging services market to reach $27 billion by 2030the global market for mobi…"
blue vibe cbd gummies reviews (urgent consumer reports) side effects scam or legit ingredients? - sponsored content,"top 4 cbd consumer reports reviews - blue vibe cbd gummies, wellness peak cbd gummies, gentle wave cbd gummies, apollo cbd gummies"
blue vibe cbd gummies reviews (urgent consumer reports) side effects scam or legit ingredients? - sponsored content,"top 4 cbd consumer reports reviews - blue vibe cbd gummies, wellness peak cbd gummies, gentle wave cbd gummies, apollo cbd gummies"
comparison of us emergency departments by hiv priority jurisdiction designation: a case for geographically targeted screening in teaching hospitals,"the ending the hiv epidemic (ehe) initiative targets a subset of united states (us) priority jurisdictions hardest hit by hiv it remains unclear which emergency departments (eds) are the most appropriate targets for ehe-related efforts to explore this, we u…"
femasys inc mdsap surveillance audit successfully completed,"(marketscreenercom) – femasys demonstrates compliance with harmonized regulatory requirements for australia, brazil, japan, canada and the usa – – femasys is committed to bringing innovative solutions to women around the world – atlanta, oct 03, 2023 -- fem…"
cognetivity neurosciences and uc health partner to improve early detection of cognitive impairment in usa,"(marketscreenercom) cognetivity neurosciences ltd , a leading artificial intelligence healthcare technology company is delighted to announce a collaboration with uc health, one of the leading healthcare systems in the united states, to improve early detec…"
80 % indians with mental illness dont seek treatment: health experts,"new delhi, oct 9: 80 per cent of indians with mental health issues do not seek treatment, doctors have said and cited lack of awareness, neglect and stigma as the reasons for this they stressed that awareness about physical as well as mental health should be…"
chase freedoms excellent q4 5x bonus categories are live,"chase freedom flex and freedom are excellent no annual fee cards thanks to their quarterly 5% categories while the rewards are marketed as 5% cash back, youll actually get 5 ultimate rewards points per dollar spent which can be worth much more than 5% cash…"
"hochul paying nyers $25 for tobacco survey, but no questions on pot ban","the hochul administration is shelling out at least $150,000 in taxpayer money to survey new yorkers about banning the sale of tobacco products -- but bizarrely isnt asking them about pot"
the value of utility payment history in predicting first-time homelessness,"homelessness is a costly and traumatic condition that affects hundreds of thousands of people each year in the us alone most homeless programs focus on assisting people experiencing homelessness, but research has shown that predicting and preventing homele…"
towards greater cloud adoption in cii sectors,"critical information infrastructure (cii) sectors are those designated by the government of india as such, due to the key role they play in maintaining the upkeep of vital areas such as national security, economy, public health and more the post towards grea…"
visible acceleration in clinical trial with already more than 60 patients; increase in funding of around eur 04 million underscores innovative strength of silver coating technology,"(marketscreenercom) general standard/regulated market - all german stock exchanges - about aap implantate agaap implantate ag is a globally active medical technology company headquartered in berlin, germany the company develops, manufactures and mark…"
global inferior vena cava (ivc) filters research analysis report 2023: market to reach $15 billion by 2030 - rising incidence of deep vein thrombosis and pulmonary embolisms spurs demand,"dublin, oct 27, 2023 (globe newswire) -- the ""inferior vena cava (ivc) filters - global strategic business report"" report has been added to researchandmarketscom's offeringglobal inferior vena cava (ivc) filters market to reach $15 billion by 2030the glob…"
private medical practice: thriving with business knowledge,are you happy and satisfied with your private medical practice today? over 65 percent of physicians admit they arent such a high percentage is indicative of serious problems within the medical profession that arent being resolved these issues are increasi…
new apple research highlights the health benefits of pickleball and tennis,researchers from the apple heart and movement study share new insights into one of the fastest-growing sports around the world: pickleball… the post new apple research highlights the health benefits of pickleball and tennis appeared first on macdailynews
niox : interim results for the six months ended 30 june 2023,"(marketscreenercom) interim results for the six months ended 30 june 2023 oxford, uk - 26 september 2023: niox group plc , a company engaged in the design, development, and commercialisation of medical devices for asthma diagnosis and management, toda…"
novartis kisqali® natalee analysis reinforces consistent reduction in risk of recurrence across key subgroups of patients with early breast cancer,(marketscreenercom) breast cancer nccn guidelines published march 2023 available at: https://wwwnccnorg/professionals/physician_gls/pdf/breastpdf/ accessed october 2023european society for medical oncology – magnitude of clinical benefit scale scoreca…
how to buy trenbolone in the usa: real tren steroid for sale,"its not always easy ordering online these days, especially when it comes to things like trenbolone here, you can find all the details you need to buy genuine trenbolone online safely, list of best tren brands and their prices"
world stroke day: world stroke organization calls for action on prevention as global stroke mortality is predicted to rise by 50%,"geneva, oct 27, 2023 /prnewswire/ -- the world stroke organization (wso) is calling on governments and healthcare systems to implement recommendations on stroke prevention set out in the new wso-lancet neurology commission report the commission report, base…"
bph energy : cortical dynamics limited june 2023 annual report,(marketscreenercom) cortical dynamics limited acn 107 557 620 financial report 30 june 2023 contents https://wwwmarketscreenercom/quote/stock/bph-energy-limited-10353907/news/bph-energy-cortical-dynamics…
"3d printing metal market expected to reach us$ 295 billion by 2032, fueled by surging demand in the medical industry: persistence market research","rising demand across diverse industries makes the us a leading global consumer of 3d printing metals, holding a dominant 493% market share rising demand across diverse industries makes the us a leading global consumer of 3d printing metals, holding a dom…"
steroids for sale in the usa: how to buy steroids online,"buying steroids in the usa can be tricky the key is to make sure you buy from a seller you can trust this steroids buying guide will help you to identify reputable sellers, provide discount codes and share prices of major anabolic steroids brands"
a case-control study of phosphodiesterase-5 inhibitor use and alzheimers disease and related dementias among male and female patients aged 65 years and older supporting the need for a phase iii clinical trial,"background phosphodiesterase-5 inhibitors (pde5i) have been evaluated as a novel treatment for alzheimers disease and related dementias (adrd), but two recent cohort studies have offered opposing conclusions methods we performed an unmatched case-control …"
"perfusion systems market to reach usd 19 billion by 2032, growing at 45% cagr",acumen research and consulting recently published report titled “perfusion systems market 2023 - 2032” acumen research and consulting recently published report titled “perfusion systems market 2023 - 2032”
analytical validation of genopharm a clinical genotyping open array panel of 46 pharmacogenes inclusive of variants unique to people of african ancestry,"pharmacogenomic testing may be used to improve treatment outcomes and reduce the frequency of adverse drug reactions (adrs) population specific, targeted pharmacogenetics (pgx) panel-based testing methods enable sensitive, accurate and economical implementat…"
television: the way we were,"in video, as in all things, you can't fully appreciate where you are, and where you're headed, without knowing where you've been when i moved to the wilds of north florida eight+ years ago i brought my two plasmas with me (a pioneer kuro and one of the last …"
"global solid state battery market to generate $34 billion, by 2030 with 180% cagr: allied market research","the global solid state battery market is experiencing growth due to surge in application of solid-state batteries in the wearable, drone, and healthcare sector the global solid state battery market is experiencing growth due to surge in application of solid-…"
"urology lasers market to hit usd 2 billion by 2032, says global market insights inc",urology lasers industry is projected to witness a cagr of 52 % during the period 2023-2032 this growth can be attributed to the increasing incidence of chronic and urological diseases urology lasers industry is projected to witness a cagr of 52 % during t…
"spain health insurance third-party administrator market to reach $9,51256 million by 2032 at 144% cagr: allied market research","spain health insurance third-party administrator market is driven by the rise in need for effective claim handling & payment settlement, achieving operational efficiency & transparency in insurance business process, and adoption of third-party administrator i…"
prescription drugs market to surpass 2197 billion by 2030 drives due to growing healthcare needs,"skyquest projects that the prescription drugs market will attain a usd 2197 billion value by 2030, with a cagr of 89% over the forecast period (2023-2030) the global prescription drugs market is propelled by the rising demand for medications driven by aging…"
news 10/20/23,top news optuminsight ceo neil de crescenzo leaves the 
"disposable gloves market is projected to expand to value of $2980 billion by 2030, claims allied market research","the global disposable gloves market is experiencing growth due to numerous factors, including an increase in safety and hygiene concerns, technological advances, huge inflows of immigrants, and a growing awareness of hygiene issues among the food industry and…"
"acrylic adhesives market to reach usd 193 billion by 2032, growing at 59% cagr",acumen research and consulting recently published report titled “acrylic adhesives market 2023 - 2032” acumen research and consulting recently published report titled “acrylic adhesives market 2023 - 2032”
"pharmaceutical contract manufacturing market to reach usd 2793 billion by 2032, growing at 68% cagr",acumen research and consulting recently published report titled “pharmaceutical contract manufacturing market 2023 - 2032” acumen research and consulting recently published report titled “pharmaceutical contract manufacturing market 2023 - 2032”
eastman announces third-quarter 2023 financial results,(marketscreenercom) eastman chemical company announced its third-quarter 2023 financial results this press release features multimedia view the full release here: https://wwwbusinesswirecom/news/home/20231026078553/en/ generated greater than $500 mill…
when industry values profits over human life,"humanity has both a good and an evil side, and in my eyes, war is the clearest embodiment of its evil unfortunately, war is typically out of sight and out of mind, so there is a general apathy towards the subject until it arrives at someones front door s…"
for want of a judge,"so on sunday i flew down to america's wretched capital city to prepare for this morning's jury selection in the case of mann vs steyn - the world's most worthless and longest-running defamation suit and, as the flight landed and taxied toward the"
why won't doctors innovate?,"throughout my medical career, ive known far too many struggling patients who have seen numerous doctors without getting any answers over whats wrong with them in many cases, once i meet the patient, its immediately apparent what the underlying issue is, w…"
"richardson electronics, ltd receives patent for its ultracapacitor generator start module - ultragen3000™",newly issued patent to support the company's growth opportunities within energy storage solutions newly issued patent to support the company's growth opportunities within energy storage solutions
how big pharma bought the federal government,"for a society to function, it requires a collective trust in the societys institutions one of the most challenging things for many to come to terms with throughout covid-19 has been how each institution we trusted to protect us instead pushed a variety of u…"
multimodal imaging market is expected to reach $55 billion | marketsandmarkets,"chicago, oct 03, 2023 (globe newswire) -- the multimodal imaging industry is poised for remarkable growth in the near future as technological advancements continue to converge and enhance diagnostic capabilities innovations in medical imaging, such as the i…"
biontech presents positive phase 1/2 data update for car-t cell therapy candidate bnt211 in advanced solid tumors at esmo congress 2023,"mainz, germany, october 23, 2023 (globe newswire) – biontech se (nasdaq: bntx, “biontech” or “the company”) today announced follow-up data from its ongoing first-in-human phase 1/2 trial (nct04503278; 2019-004323-20) evaluating the safety and efficacy of th…"
ss innovations launches innovative robotic cardiac surgery program in india,"dr sudhir srivastava, a world-leading cardiac surgeon, performed the worlds first beating heart robotic cardiac bypass surgery using the ssi mantra surgical robotic system"
update: ss innovations launches innovative robotic cardiac surgery program in india,"dr sudhir srivastava, a world-leading cardiac surgeon, performed the worlds first beating heart robotic cardiac bypass surgery using the ssi mantra surgical robotic system"
"[latest] global cannabidiol market size/share worth usd 1967 billion by 2032 at a 18% cagr: custom market insights (analysis, outlook, leaders, report, trends, forecast, segmentation, growth, growth rate, value)","[220+ pages latest report] according to a market research study published by custom market insights, the demand analysis of global cannabidiol market size & share revenue was valued at approximately usd 1750 billion in 2022 and is expected to reach usd 1771…"
novartis kisqali® natalee analysis reinforces consistent reduction in risk of recurrence across key subgroups of patients with early breast cancer,"basel, october 20, 2023 — novartis will present late-breaking results from a prespecified exploratory subgroup analysis of invasive disease-free survival (idfs) from the pivotal phase iii natalee trial at the european society for medical oncology (esmo) congr…"
top 10 best liver supplements: most effective liver detox pills that work - sponsored content,sponsored content
"magnetic sensor market size is projected to grow at a cagr of 668% by 2030, powered by rising investments and notable technological advancements","magnetic sensor manufacturers are increasing their investments in various magnetic sensing technologies, such as 3d sensing, tunnel magnetoresistance (tmr), and giant magnetoresistance (gmr), to strengthen their domain expertise and market position magnetic …"
"global contract research and manufacturing services (crams) markets, 2017-2022, 2022-2027f, 2032f: from clinical trials to commercialization - the crams advantage in modern medicine","dublin, oct 02, 2023 (globe newswire) -- the ""contract research and manufacturing services (crams) global market report 2023"" report has been added to researchandmarketscom's offeringthe global contract research and manufacturing services (crams) market gr…"
novartis pluvicto™ shows clinically meaningful and highly statistically significant rpfs benefit in patients with psma-positive metastatic castration-resistant prostate cancer in the pre-taxane setting,"basel, october 23, 2023 — novartis today presents data from the phase iii psmafore trial at the 2023 european society for medical oncology (esmo) congress data presented at the presidential symposium showed that pluvicto™ (lutetium (177lu) vipivotide tetraxe…"
"healthcare chatbots market is forecasted to reach usd 1,6152 million by 2032, growing at a cagr of 183% from 2023 to 2032","acumen research and consulting recently published report titled “healthcare chatbots market forecast, 2023 - 2032” acumen research and consulting recently published report titled “healthcare chatbots market forecast, 2023 - 2032”"
"biosurgery market is projected to reach an estimate of $27,32480 million by 2030, with cagr of 91%: allied market research","the global biosurgery market is experiencing growth due to various factors such as an increase in the prevalence of chronic disease, a surge in the number of surgical procedures, and a strong emphasis on research and development activities, resulting in the l…"
"global hospital information systems (his) strategic business report 2023: market to reach $1162 billion by 2030 - digital health investments exhibit solid trajectory, providing growth opportunities","dublin, oct 27, 2023 (globe newswire) -- the ""hospital information systems (his) - global strategic business report"" report has been added to researchandmarketscom's offeringglobal hospital information systems (his) market to reach $1162 billion by 2030th…"
"eclinical solutions and software market poised to achieve ~us$ 291 billion valuation by 2033 | future market insights, inc",the eclinical solutions and software market is a dynamic and evolving sector that plays a crucial role in advancing clinical research and drug development through digital technologies and software solutions the eclinical solutions and software market is a dy…
the complicity of compliance,"by robin koerner we live in an age of agendas in the pursuit of them, behaviors that are otherwise deemed unacceptable supposedly become acceptable or the complicity of compliance"
global radiopharmaceuticals strategic analysis report 2023: market to reach $143 billion by 2030 - emergence of radiotheranostics as dual-functioning radiopharmaceuticals bolsters growth,"dublin, oct 09, 2023 (globe newswire) -- the ""radiopharmaceuticals - global strategic business report"" report has been added to researchandmarketscom's offeringglobal radiopharmaceuticals market to reach $143 billion by 2030the global market for radiophar…"
roctool s a : 20231012 roctool rh2 eng,"(marketscreenercom) press release 12th october 2023 - 6:00pm cest half year results 2023 sales growth of 24 % positive ebitda stable cash position roctool , specialists in mold heating andhttps://wwwmarketscreenerco…"
roctool: roctool: half year results 2023,"(marketscreenercom) roctool roctool: roctool: half year results 2023 12-oct-2023 / 18:06 cet/cest dissemination of a french regulatory news, transmitted by eqs group the issuer is solely responsible for the content of this announcement …"
identification of the regulatory circuit governing corneal epithelial fate determination and disease,"this study uses multiomics and gene regulatory network analysis to compare the limbal stem cells that maintain the cornea with keratinocytes which maintain the skin, revealing an intriguing interplay of transcription factors that drive epithelial similarities…"
"global polyolefins strategic research report 2023-2030: innovative technologies to enable diverse spectrum of tailored, next-gen polyolefins, new approach to facilitate up-cycling of polyolefin","dublin, oct 27, 2023 (globe newswire) -- the ""polyolefins - global strategic business report"" report has been added to researchandmarketscom's offeringglobal polyolefins market to reach $4581 billion by 2030the global market for polyolefins estimated at u…"
gold reserve : notice of annual general meeting of shareholders - form 6-k,"(marketscreenercom) notice of annual general meeting of shareholders notice is hereby given that an annual general meeting of the holders of class a common shares of gold reserve inc will be held at 999 w riverside avenue, suite 401, spokane, washin…"
costco is selling out of gold bars — the economic crisis can no longer be hidden,"by daisy luther these days, at costco, it seems like you can get whatever you need for the zombie apocalypse a savvy shopper can purchase costco is selling out of gold bars — the economic crisis can no longer be hidden"
a comprehensive guide to the best sex pills for men,"facing challenges in your intimate moments can be both mentally and physically taxing for men but with an array of products that promise to boost confidence and performance, how do you decide which one will work best for you? this article aims to provide a c…"
nfl trade deadline: 17 top players who could be available in a deal (derrick henry!),derrick henry is just one of many nfl names who could be traded soon
shams charanias scoop dreams,"shams charania has spent a decade texting and tweeting his way to the top of the nba reporting world now the senior nba insider for the athletic, he might be the future of sports journalism"
silicone and polyurethane sealants lead the pack with strong growth prospects in the global market,"dublin, oct 02, 2023 (globe newswire) -- the ""sealants - global strategic business report"" report has been added to researchandmarketscom's offering"
keystone dental group granted patent from uspto for nexus ios solution,nexus ios scan gauge solution is the only patented elongated body scan apparatus available on the market that acquires direct implant-location data nexus ios scan gauge solution is the only patented elongated body scan apparatus available on the market that a…
buy high-yield marijuana seeds for sale with us shipping,"youve done your research on feminized cannabis seeds, autoflowering cannabis seeds, and regular seeds and now you feel its about time you took the plunge: ordered your package of cannabis seeds but, for some reason, somethings holding you back still whi…"
"point of care diagnostics market is projected to gain $55,27573 million by 2030, claims allied market research",the global point of care diagnostics market growth is attributed to the rise in the prevalence of chronic diseases and several helpful initiatives administered by government and non-governmental organizations the global point of care diagnostics market growt…
